notebook_execution_id,repository_run_id,repository_id,notebook_id,notebook_name,repository_url,execution_status,error_type,error_category,error_message,error_cell_index,error_count,failing_module,subtype,scope_status,exclusion_reason,split,created_at
8,7,14,27,Analysis/Similarity Processes/mesure_similarity.ipynb,https://github.com/mdjaffardjy/AnalyseDonneesNextflow,SUCCESS_WITH_ERRORS,ModuleNotFoundError,DEPENDENCY_ERROR,No module named 'sklearn',5,1,sklearn,missing_package,usable,,dev,2026-02-16 00:30:23
10,7,14,29,Analysis/Distribution DSL1 DSL2/distribution.ipynb,https://github.com/mdjaffardjy/AnalyseDonneesNextflow,SUCCESS_WITH_ERRORS,ImportError,DEPENDENCY_ERROR,"matplotlib is required for plotting when the default backend ""matplotlib"" is selected.",13,5,matplotlib,missing_package,usable,,dev,2026-02-16 00:30:27
15,9,16,35,examples/gpax_viDKL_plasmons.ipynb,https://github.com/ziatdinovmax/gpax,SUCCESS_WITH_ERRORS,ImportError,DEPENDENCY_ERROR,libxcb.so.1: cannot open shared object file: No such file or directory,8,20,libxcb.so.1,system_library,excluded,"requires system library, outside pip-only scope",excluded,2026-02-16 01:21:49
17,9,16,37,examples/simpleGP.ipynb,https://github.com/ziatdinovmax/gpax,SUCCESS_WITH_ERRORS,ImportError,DEPENDENCY_ERROR,You need to install `seaborn` to be able to use this feature. It can be installed with `pip install seaborn`.,22,1,seaborn,missing_package,usable,,dev,2026-02-16 01:21:57
19,10,17,39,tutorials/downloading-openstreetmap.ipynb,https://github.com/ai4up/eubucco,SUCCESS_WITH_ERRORS,ModuleNotFoundError,DEPENDENCY_ERROR,No module named 'pyrosm',0,2,pyrosm,missing_package,usable,,dev,2026-02-16 01:23:21
21,10,17,41,tutorials/downloading-parsing-osm.ipynb,https://github.com/ai4up/eubucco,SUCCESS_WITH_ERRORS,ModuleNotFoundError,DEPENDENCY_ERROR,No module named 'pyrosm',1,22,pyrosm,missing_package,usable,,evaluation,2026-02-16 01:23:23
24,10,17,45,database/preprocessing/1-parsing/duplicate-removal/remove_duplicates_abruzzo.ipynb,https://github.com/ai4up/eubucco,SUCCESS_WITH_ERRORS,ModuleNotFoundError,DEPENDENCY_ERROR,No module named 'ufo_map',0,19,ufo_map,missing_package,usable,,evaluation,2026-02-16 01:23:26
25,10,17,46,database/preprocessing/1-parsing/duplicate-removal/remove_duplicates_piemonte.ipynb,https://github.com/ai4up/eubucco,SUCCESS_WITH_ERRORS,ModuleNotFoundError,DEPENDENCY_ERROR,No module named 'ufo_map',0,21,ufo_map,missing_package,usable,,evaluation,2026-02-16 01:23:27
26,12,22,53,examples/output-viz.ipynb,https://github.com/IGGoncalves/PhysiCOOL,SUCCESS_WITH_ERRORS,ModuleNotFoundError,DEPENDENCY_ERROR,No module named 'physicool',1,3,physicool,missing_package,usable,,evaluation,2026-02-16 01:25:16
29,12,22,56,examples/third_party/third_party.ipynb,https://github.com/IGGoncalves/PhysiCOOL,SUCCESS_WITH_ERRORS,ModuleNotFoundError,DEPENDENCY_ERROR,No module named 'physicool',1,2,physicool,missing_package,usable,,evaluation,2026-02-16 01:25:18
30,12,22,57,examples/motility/sweeper.ipynb,https://github.com/IGGoncalves/PhysiCOOL,SUCCESS_WITH_ERRORS,ModuleNotFoundError,DEPENDENCY_ERROR,No module named 'physicool',2,3,physicool,missing_package,usable,,evaluation,2026-02-16 01:25:19
31,12,22,58,examples/motility/black_box.ipynb,https://github.com/IGGoncalves/PhysiCOOL,SUCCESS_WITH_ERRORS,ModuleNotFoundError,DEPENDENCY_ERROR,No module named 'physicool',4,6,physicool,missing_package,usable,,evaluation,2026-02-16 01:25:20
32,12,22,59,docs/xml_update.ipynb,https://github.com/IGGoncalves/PhysiCOOL,SUCCESS_WITH_ERRORS,ModuleNotFoundError,DEPENDENCY_ERROR,No module named 'physicool',1,5,physicool,missing_package,usable,,evaluation,2026-02-16 01:25:21
39,18,31,87,Monkeypox_08_15_22.ipynb,https://github.com/mahsan2/Monkeypox-dataset-2022,SUCCESS_WITH_ERRORS,ModuleNotFoundError,DEPENDENCY_ERROR,No module named 'sklearn',1,13,sklearn,missing_package,usable,,evaluation,2026-02-16 01:45:13
43,22,35,98,examples/notebooks/ds003_sample_analysis.ipynb,https://github.com/poldracklab/fitlins,SUCCESS_WITH_ERRORS,ModuleNotFoundError,DEPENDENCY_ERROR,No module named 'pkg_resources',23,5,pkg_resources,missing_package,usable,,dev,2026-02-16 01:53:44
45,24,37,100,rotation_analysis/MSE_vs_adjacency_dist.ipynb,https://github.com/csabaiBio/RBD-AlphaFold2-structures-and-phenotypic-information,SUCCESS_WITH_ERRORS,ModuleNotFoundError,DEPENDENCY_ERROR,No module named 'prody',0,3,prody,missing_package,usable,,dev,2026-02-16 01:58:12
49,24,37,104,interface_exploration/interface_importance.ipynb,https://github.com/csabaiBio/RBD-AlphaFold2-structures-and-phenotypic-information,SUCCESS_WITH_ERRORS,ModuleNotFoundError,DEPENDENCY_ERROR,No module named 'sklearn',0,3,sklearn,missing_package,usable,,dev,2026-02-16 01:58:16
50,24,37,105,SARS-CoV-2-RBD_DMS_Omicron/count_variants.ipynb,https://github.com/csabaiBio/RBD-AlphaFold2-structures-and-phenotypic-information,SUCCESS_WITH_ERRORS,ModuleNotFoundError,DEPENDENCY_ERROR,No module named 'dms_variants',2,21,dms_variants,missing_package,usable,,dev,2026-02-16 01:58:17
52,24,37,107,SARS-CoV-2-RBD_DMS_Omicron/process_ccs_Wuhan_Hu_1.ipynb,https://github.com/csabaiBio/RBD-AlphaFold2-structures-and-phenotypic-information,SUCCESS_WITH_ERRORS,ModuleNotFoundError,DEPENDENCY_ERROR,No module named 'dms_variants',6,54,dms_variants,missing_package,usable,,evaluation,2026-02-16 01:58:19
54,24,37,109,SARS-CoV-2-RBD_DMS_Omicron/process_ccs_BA1.ipynb,https://github.com/csabaiBio/RBD-AlphaFold2-structures-and-phenotypic-information,SUCCESS_WITH_ERRORS,ModuleNotFoundError,DEPENDENCY_ERROR,No module named 'dms_variants',6,54,dms_variants,missing_package,usable,,evaluation,2026-02-16 01:58:21
55,24,37,110,SARS-CoV-2-RBD_DMS_Omicron/process_ccs_BA2.ipynb,https://github.com/csabaiBio/RBD-AlphaFold2-structures-and-phenotypic-information,SUCCESS_WITH_ERRORS,ModuleNotFoundError,DEPENDENCY_ERROR,No module named 'dms_variants',6,54,dms_variants,missing_package,usable,,evaluation,2026-02-16 01:58:22
60,24,37,115,projections/TSNE_all_vars_structs.ipynb,https://github.com/csabaiBio/RBD-AlphaFold2-structures-and-phenotypic-information,SUCCESS_WITH_ERRORS,ModuleNotFoundError,DEPENDENCY_ERROR,No module named 'MulticoreTSNE',0,5,MulticoreTSNE,missing_package,usable,,dev,2026-02-16 01:58:26
61,24,37,116,projections/UMAP_all_vars_structs.ipynb,https://github.com/csabaiBio/RBD-AlphaFold2-structures-and-phenotypic-information,SUCCESS_WITH_ERRORS,ModuleNotFoundError,DEPENDENCY_ERROR,No module named 'umap',0,6,umap,missing_package,usable,,dev,2026-02-16 01:58:27
62,24,37,117,disorder_analysis/iupred_notebook-Analyses_mod.ipynb,https://github.com/csabaiBio/RBD-AlphaFold2-structures-and-phenotypic-information,SUCCESS_WITH_ERRORS,ModuleNotFoundError,DEPENDENCY_ERROR,No module named 'sklearn',2,30,sklearn,missing_package,usable,,evaluation,2026-02-16 01:58:28
64,24,37,119,CNN_training/generate_adj_files.ipynb,https://github.com/csabaiBio/RBD-AlphaFold2-structures-and-phenotypic-information,SUCCESS_WITH_ERRORS,ModuleNotFoundError,DEPENDENCY_ERROR,No module named 'prody',0,3,prody,missing_package,usable,,evaluation,2026-02-16 01:58:30
65,24,37,120,CNN_training/5_fold_split.ipynb,https://github.com/csabaiBio/RBD-AlphaFold2-structures-and-phenotypic-information,SUCCESS_WITH_ERRORS,ModuleNotFoundError,DEPENDENCY_ERROR,No module named 'sklearn',0,2,sklearn,missing_package,usable,,evaluation,2026-02-16 01:58:31
66,24,37,121,antibody_escape/antibody_escape_vs_structuraldistortion.ipynb,https://github.com/csabaiBio/RBD-AlphaFold2-structures-and-phenotypic-information,SUCCESS_WITH_ERRORS,ModuleNotFoundError,DEPENDENCY_ERROR,No module named 'bindingcalculator',0,7,bindingcalculator,missing_package,usable,,evaluation,2026-02-16 01:58:32
67,24,37,122,data_usage_scripts/all_mut_dist_maps.ipynb,https://github.com/csabaiBio/RBD-AlphaFold2-structures-and-phenotypic-information,SUCCESS_WITH_ERRORS,ModuleNotFoundError,DEPENDENCY_ERROR,No module named 'bindingcalculator',0,2,bindingcalculator,missing_package,usable,,evaluation,2026-02-16 01:58:33
68,24,37,123,data_usage_scripts/aa_changes_vs_RMSD.ipynb,https://github.com/csabaiBio/RBD-AlphaFold2-structures-and-phenotypic-information,SUCCESS_WITH_ERRORS,ModuleNotFoundError,DEPENDENCY_ERROR,No module named 'bindingcalculator',0,5,bindingcalculator,missing_package,usable,,evaluation,2026-02-16 01:58:34
69,24,37,124,data_usage_scripts/mutation_distortion_maps.ipynb,https://github.com/csabaiBio/RBD-AlphaFold2-structures-and-phenotypic-information,SUCCESS_WITH_ERRORS,ModuleNotFoundError,DEPENDENCY_ERROR,No module named 'bindingcalculator',0,9,bindingcalculator,missing_package,usable,,evaluation,2026-02-16 01:58:35
72,28,41,151,ImageD11/nbGui/plot3d.ipynb,https://github.com/FABLE-3DXRD/ImageD11,SUCCESS_WITH_ERRORS,ModuleNotFoundError,DEPENDENCY_ERROR,No module named 'plot3d',0,2,plot3d,missing_package,usable,,evaluation,2026-02-16 02:12:01
79,29,42,158,main.ipynb,https://github.com/hechaohong/nucleu_areas,SUCCESS_WITH_ERRORS,ModuleNotFoundError,DEPENDENCY_ERROR,No module named 'cv2',0,5,cv2,missing_package,usable,,evaluation,2026-02-16 02:12:26
80,31,49,162,samples/demo.ipynb,https://github.com/matterport/Mask_RCNN,SUCCESS_WITH_ERRORS,ModuleNotFoundError,DEPENDENCY_ERROR,No module named 'keras.engine',1,4,keras,missing_package,usable,,evaluation,2026-02-16 02:18:46
81,31,49,163,samples/shapes/train_shapes.ipynb,https://github.com/matterport/Mask_RCNN,SUCCESS_WITH_ERRORS,ImportError,DEPENDENCY_ERROR,libxcb.so.1: cannot open shared object file: No such file or directory,1,13,libxcb.so.1,system_library,excluded,"requires system library, outside pip-only scope",excluded,2026-02-16 02:18:47
82,31,49,164,samples/balloon/inspect_balloon_model.ipynb,https://github.com/matterport/Mask_RCNN,SUCCESS_WITH_ERRORS,ModuleNotFoundError,DEPENDENCY_ERROR,No module named 'keras.engine',1,32,keras,missing_package,usable,,evaluation,2026-02-16 02:18:48
83,31,49,165,samples/balloon/inspect_balloon_data.ipynb,https://github.com/matterport/Mask_RCNN,SUCCESS_WITH_ERRORS,ModuleNotFoundError,DEPENDENCY_ERROR,No module named 'keras.engine',1,20,keras,missing_package,usable,,evaluation,2026-02-16 02:18:49
84,31,49,166,samples/nucleus/inspect_nucleus_data.ipynb,https://github.com/matterport/Mask_RCNN,SUCCESS_WITH_ERRORS,ImportError,DEPENDENCY_ERROR,libxcb.so.1: cannot open shared object file: No such file or directory,1,28,libxcb.so.1,system_library,excluded,"requires system library, outside pip-only scope",excluded,2026-02-16 02:18:50
85,31,49,167,samples/nucleus/inspect_nucleus_model.ipynb,https://github.com/matterport/Mask_RCNN,SUCCESS_WITH_ERRORS,ModuleNotFoundError,DEPENDENCY_ERROR,No module named 'keras.engine',1,30,keras,missing_package,usable,,evaluation,2026-02-16 02:18:51
86,31,49,168,samples/coco/inspect_model.ipynb,https://github.com/matterport/Mask_RCNN,SUCCESS_WITH_ERRORS,ModuleNotFoundError,DEPENDENCY_ERROR,No module named 'keras.engine',1,36,keras,missing_package,usable,,evaluation,2026-02-16 02:18:52
87,31,49,169,samples/coco/inspect_weights.ipynb,https://github.com/matterport/Mask_RCNN,SUCCESS_WITH_ERRORS,ModuleNotFoundError,DEPENDENCY_ERROR,No module named 'keras.engine',1,5,keras,missing_package,usable,,evaluation,2026-02-16 02:18:53
88,31,49,170,samples/coco/inspect_data.ipynb,https://github.com/matterport/Mask_RCNN,SUCCESS_WITH_ERRORS,ModuleNotFoundError,DEPENDENCY_ERROR,No module named 'keras.engine',1,20,keras,missing_package,usable,,evaluation,2026-02-16 02:18:54
92,33,52,174,PD_LRRK2_hackathon.ipynb,https://github.com/ipdgc/GP2-post-GWAS-analysis,SUCCESS_WITH_ERRORS,ModuleNotFoundError,DEPENDENCY_ERROR,No module named 'firecloud',2,26,firecloud,missing_package,usable,,evaluation,2026-02-16 02:20:18
94,38,59,216,mpnn/examples/proteinmpnn_in_jax.ipynb,https://github.com/sokrypton/ColabDesign,SUCCESS_WITH_ERRORS,ModuleNotFoundError,DEPENDENCY_ERROR,No module named 'google',2,7,google,missing_package,usable,,evaluation,2026-02-16 02:32:10
99,38,59,221,af/examples/peptide_binder_design.ipynb,https://github.com/sokrypton/ColabDesign,SUCCESS_WITH_ERRORS,ModuleNotFoundError,DEPENDENCY_ERROR,No module named 'google',2,7,google,missing_package,usable,,evaluation,2026-02-16 02:32:15
106,38,59,228,af/examples/use_esm_1b_bias.ipynb,https://github.com/sokrypton/ColabDesign,SUCCESS_WITH_ERRORS,ModuleNotFoundError,DEPENDENCY_ERROR,No module named 'google',2,12,google,missing_package,usable,,evaluation,2026-02-16 02:32:22
112,39,60,234,testcode/example.ipynb,https://github.com/maayanlab/prismexp,SUCCESS_WITH_ERRORS,ModuleNotFoundError,DEPENDENCY_ERROR,No module named 'prismx',3,2,prismx,missing_package,usable,,evaluation,2026-02-16 07:03:46
113,41,65,236,QY_PRED.ipynb,https://github.com/VladislavNexby/ML,SUCCESS_WITH_ERRORS,ModuleNotFoundError,DEPENDENCY_ERROR,No module named 'sklearn',2,17,sklearn,missing_package,usable,,evaluation,2026-02-16 07:04:39
114,43,69,241,results_for_manuscript.ipynb,https://github.com/fcphysics/CriticalityHeteroBNets,SUCCESS_WITH_ERRORS,ModuleNotFoundError,DEPENDENCY_ERROR,No module named 'sklearn',2,21,sklearn,missing_package,usable,,evaluation,2026-02-16 07:05:50
115,44,70,242,tutorials/Control - Thaliana.ipynb,https://github.com/rionbr/CANA,SUCCESS_WITH_ERRORS,ModuleNotFoundError,DEPENDENCY_ERROR,No module named 'cana',2,8,cana,missing_package,usable,,evaluation,2026-02-16 07:07:27
116,44,70,243,tutorials/Control - State Transition Graph.ipynb,https://github.com/rionbr/CANA,SUCCESS_WITH_ERRORS,ModuleNotFoundError,DEPENDENCY_ERROR,No module named 'cana',3,4,cana,missing_package,usable,,evaluation,2026-02-16 07:07:28
117,44,70,244,tutorials/Dynamics Canalization Map - Breast Cancer.ipynb,https://github.com/rionbr/CANA,SUCCESS_WITH_ERRORS,ModuleNotFoundError,DEPENDENCY_ERROR,No module named 'cana',2,4,cana,missing_package,usable,,evaluation,2026-02-16 07:07:28
118,44,70,245,tutorials/Canalization - BioModels - Look Up Table.ipynb,https://github.com/rionbr/CANA,SUCCESS_WITH_ERRORS,ModuleNotFoundError,DEPENDENCY_ERROR,No module named 'cana',3,3,cana,missing_package,usable,,evaluation,2026-02-16 07:07:29
119,44,70,246,tutorials/Canalization - Marques-Pita.ipynb,https://github.com/rionbr/CANA,SUCCESS_WITH_ERRORS,ModuleNotFoundError,DEPENDENCY_ERROR,No module named 'cana',3,9,cana,missing_package,usable,,evaluation,2026-02-16 07:07:30
120,44,70,247,tutorials/Control - BioModels - Driver Variables.ipynb,https://github.com/rionbr/CANA,SUCCESS_WITH_ERRORS,ModuleNotFoundError,DEPENDENCY_ERROR,No module named 'cana',1,10,cana,missing_package,usable,,evaluation,2026-02-16 07:07:31
121,44,70,248,tutorials/Canalization - BioModels.ipynb,https://github.com/rionbr/CANA,SUCCESS_WITH_ERRORS,ModuleNotFoundError,DEPENDENCY_ERROR,No module named 'cana',2,10,cana,missing_package,usable,,evaluation,2026-02-16 07:07:32
122,44,70,249,tutorials/PNAS 2021 - Arabidopsis thaliana.ipynb,https://github.com/rionbr/CANA,SUCCESS_WITH_ERRORS,ModuleNotFoundError,DEPENDENCY_ERROR,No module named 'cana',1,13,cana,missing_package,usable,,evaluation,2026-02-16 07:07:33
123,44,70,250,tutorials/PNAS 2021 - ER+ Breast Cancer.ipynb,https://github.com/rionbr/CANA,SUCCESS_WITH_ERRORS,ModuleNotFoundError,DEPENDENCY_ERROR,No module named 'cana',1,16,cana,missing_package,usable,,evaluation,2026-02-16 07:07:34
124,44,70,251,tutorials/Dynamics Canalization Map.ipynb,https://github.com/rionbr/CANA,SUCCESS_WITH_ERRORS,ModuleNotFoundError,DEPENDENCY_ERROR,No module named 'cana',2,4,cana,missing_package,usable,,evaluation,2026-02-16 07:07:35
125,44,70,252,tutorials/Canalization - Node Schematas.ipynb,https://github.com/rionbr/CANA,SUCCESS_WITH_ERRORS,ModuleNotFoundError,DEPENDENCY_ERROR,No module named 'cana',2,8,cana,missing_package,usable,,evaluation,2026-02-16 07:07:36
126,44,70,253,tutorials/Canalization - BioModels - Schematas.ipynb,https://github.com/rionbr/CANA,SUCCESS_WITH_ERRORS,ModuleNotFoundError,DEPENDENCY_ERROR,No module named 'cana',3,3,cana,missing_package,usable,,evaluation,2026-02-16 07:07:37
127,48,77,319,docs/quickstart.ipynb,https://github.com/zkbt/chromatic,SUCCESS_WITH_ERRORS,ModuleNotFoundError,DEPENDENCY_ERROR,No module named 'pkg_resources',1,17,pkg_resources,missing_package,usable,,evaluation,2026-02-16 07:20:18
128,48,77,320,docs/designing.ipynb,https://github.com/zkbt/chromatic,SUCCESS_WITH_ERRORS,ModuleNotFoundError,DEPENDENCY_ERROR,No module named 'pkg_resources',1,7,pkg_resources,missing_package,usable,,evaluation,2026-02-16 07:20:19
129,48,77,321,docs/basics.ipynb,https://github.com/zkbt/chromatic,SUCCESS_WITH_ERRORS,ModuleNotFoundError,DEPENDENCY_ERROR,No module named 'pkg_resources',1,15,pkg_resources,missing_package,usable,,evaluation,2026-02-16 07:20:20
130,48,77,322,docs/io.ipynb,https://github.com/zkbt/chromatic,SUCCESS_WITH_ERRORS,ModuleNotFoundError,DEPENDENCY_ERROR,No module named 'pkg_resources',1,25,pkg_resources,missing_package,usable,,evaluation,2026-02-16 07:20:21
133,48,77,325,docs/creating.ipynb,https://github.com/zkbt/chromatic,SUCCESS_WITH_ERRORS,ModuleNotFoundError,DEPENDENCY_ERROR,No module named 'pkg_resources',1,30,pkg_resources,missing_package,usable,,evaluation,2026-02-16 07:20:23
134,48,77,326,docs/example-timeseries-spectra.ipynb,https://github.com/zkbt/chromatic,SUCCESS_WITH_ERRORS,ModuleNotFoundError,DEPENDENCY_ERROR,No module named 'pkg_resources',5,22,pkg_resources,missing_package,usable,,evaluation,2026-02-16 07:20:24
135,48,77,327,docs/models.ipynb,https://github.com/zkbt/chromatic,SUCCESS_WITH_ERRORS,ModuleNotFoundError,DEPENDENCY_ERROR,No module named 'pkg_resources',1,13,pkg_resources,missing_package,usable,,evaluation,2026-02-16 07:20:25
136,48,77,328,docs/actions.ipynb,https://github.com/zkbt/chromatic,SUCCESS_WITH_ERRORS,ModuleNotFoundError,DEPENDENCY_ERROR,No module named 'pkg_resources',2,44,pkg_resources,missing_package,usable,,evaluation,2026-02-16 07:20:26
137,48,77,329,docs/visualizing.ipynb,https://github.com/zkbt/chromatic,SUCCESS_WITH_ERRORS,ModuleNotFoundError,DEPENDENCY_ERROR,No module named 'pkg_resources',1,21,pkg_resources,missing_package,usable,,evaluation,2026-02-16 07:20:27
138,48,77,330,docs/installation.ipynb,https://github.com/zkbt/chromatic,SUCCESS_WITH_ERRORS,ModuleNotFoundError,DEPENDENCY_ERROR,No module named 'pkg_resources',1,1,pkg_resources,missing_package,usable,,evaluation,2026-02-16 07:20:28
139,48,77,331,docs/tools/spectra.ipynb,https://github.com/zkbt/chromatic,SUCCESS_WITH_ERRORS,ModuleNotFoundError,DEPENDENCY_ERROR,No module named 'pkg_resources',2,13,pkg_resources,missing_package,usable,,evaluation,2026-02-16 07:20:29
140,48,77,332,docs/tools/colormaps.ipynb,https://github.com/zkbt/chromatic,SUCCESS_WITH_ERRORS,ModuleNotFoundError,DEPENDENCY_ERROR,No module named 'pkg_resources',1,6,pkg_resources,missing_package,usable,,evaluation,2026-02-16 07:20:30
141,48,77,333,docs/tools/binning.ipynb,https://github.com/zkbt/chromatic,SUCCESS_WITH_ERRORS,ModuleNotFoundError,DEPENDENCY_ERROR,No module named 'pkg_resources',1,12,pkg_resources,missing_package,usable,,evaluation,2026-02-16 07:20:31
143,50,79,374,datasets/modirisk-occurrences/Manuscript_Files/misc/workfiles/CuliBelGeo.ipynb,https://github.com/BelgianBiodiversityPlatform/data-publication-ITG,SUCCESS_WITH_ERRORS,ModuleNotFoundError,DEPENDENCY_ERROR,No module named 'bokeh.tile_providers',0,14,bokeh,missing_package,usable,,evaluation,2026-02-16 07:22:08
144,50,79,375,datasets/modirisk-occurrences/Manuscript_Files/misc/workfiles/dwca/Untitled.ipynb,https://github.com/BelgianBiodiversityPlatform/data-publication-ITG,SUCCESS_WITH_ERRORS,ModuleNotFoundError,DEPENDENCY_ERROR,No module named 'bokeh.tile_providers',0,3,bokeh,missing_package,usable,,evaluation,2026-02-16 07:22:09
145,50,79,376,datasets/modirisk-occurrences/scr/ShapefileTutorial.ipynb,https://github.com/BelgianBiodiversityPlatform/data-publication-ITG,SUCCESS_WITH_ERRORS,ModuleNotFoundError,DEPENDENCY_ERROR,No module named 'mpl_toolkits.basemap',0,2,mpl_toolkits,missing_package,usable,,evaluation,2026-02-16 07:22:09
146,50,79,377,datasets/modirisk-occurrences/scr/ModiRisk Pictures Collection Data.ipynb,https://github.com/BelgianBiodiversityPlatform/data-publication-ITG,SUCCESS_WITH_ERRORS,ModuleNotFoundError,DEPENDENCY_ERROR,No module named 'bokeh.tile_providers',0,15,bokeh,missing_package,usable,,evaluation,2026-02-16 07:22:12
148,50,79,379,datasets/modirisk-occurrences/survey inventory data/dwca.ipynb,https://github.com/BelgianBiodiversityPlatform/data-publication-ITG,SUCCESS_WITH_ERRORS,ModuleNotFoundError,DEPENDENCY_ERROR,No module named 'dwca',1,23,dwca,missing_package,usable,,evaluation,2026-02-16 07:22:14
149,53,82,385,Figure1_VOCs_spike_first300_PCA_set4.ipynb,https://github.com/mlcotten13/SARS-CoV-2_spike_charge,SUCCESS_WITH_ERRORS,ModuleNotFoundError,DEPENDENCY_ERROR,No module named 'sklearn',0,4,sklearn,missing_package,usable,,evaluation,2026-02-16 07:25:28
152,54,83,388,confined_CG_simulations/FES_fitting_MLM_version.ipynb,https://github.com/mme-ucl/confined_LLPS,SUCCESS_WITH_ERRORS,ModuleNotFoundError,DEPENDENCY_ERROR,No module named 'mpl_toolkits.axes_grid',0,14,mpl_toolkits,missing_package,usable,,evaluation,2026-02-16 07:28:38
153,54,83,389,confined_CG_simulations/Example_FUS-LC/FUS_analysis_example.ipynb,https://github.com/mme-ucl/confined_LLPS,SUCCESS_WITH_ERRORS,ModuleNotFoundError,DEPENDENCY_ERROR,No module named 'pyemma',0,9,pyemma,missing_package,usable,,evaluation,2026-02-16 07:28:39
154,54,83,390,confined_CG_simulations/Example_FUS-LC/MSM/MSM_sample.ipynb,https://github.com/mme-ucl/confined_LLPS,SUCCESS_WITH_ERRORS,ModuleNotFoundError,DEPENDENCY_ERROR,No module named 'pyemma',1,51,pyemma,missing_package,usable,,evaluation,2026-02-16 07:28:42
157,55,84,393,doc/example_notebooks/joint_diagnostic_demo.ipynb,https://github.com/idc9/py_jive,SUCCESS_WITH_ERRORS,ImportError,DEPENDENCY_ERROR,cannot import name 'isshape' from 'scipy.sparse.sputils' (/tmp/.local/lib/python3.10/site-packages/scipy/sparse/sputils.py),1,3,scipy,wrong_version,usable,,dev,2026-02-16 07:30:26
158,55,84,394,doc/example_notebooks/PCA_demo.ipynb,https://github.com/idc9/py_jive,SUCCESS_WITH_ERRORS,ImportError,DEPENDENCY_ERROR,cannot import name 'isshape' from 'scipy.sparse.sputils' (/tmp/.local/lib/python3.10/site-packages/scipy/sparse/sputils.py),1,17,scipy,wrong_version,usable,,evaluation,2026-02-16 07:30:27
159,55,84,395,doc/example_notebooks/Parallel_AJIVE_computation.ipynb,https://github.com/idc9/py_jive,SUCCESS_WITH_ERRORS,ImportError,DEPENDENCY_ERROR,cannot import name 'isshape' from 'scipy.sparse.sputils' (/tmp/.local/lib/python3.10/site-packages/scipy/sparse/sputils.py),1,8,scipy,wrong_version,usable,,evaluation,2026-02-16 07:30:29
160,55,84,396,doc/example_notebooks/AJIVE_demo.ipynb,https://github.com/idc9/py_jive,SUCCESS_WITH_ERRORS,ImportError,DEPENDENCY_ERROR,cannot import name 'isshape' from 'scipy.sparse.sputils' (/tmp/.local/lib/python3.10/site-packages/scipy/sparse/sputils.py),1,15,scipy,wrong_version,usable,,evaluation,2026-02-16 07:30:30
163,56,86,399,notebooks/jDR_AJIVE_Template.ipynb,https://github.com/baprice/AJIVE-jDR-Integration,SUCCESS_WITH_ERRORS,ImportError,DEPENDENCY_ERROR,cannot import name 'isshape' from 'scipy.sparse.sputils' (/tmp/.local/lib/python3.10/site-packages/scipy/sparse/sputils.py),1,5,scipy,wrong_version,usable,,evaluation,2026-02-16 07:31:50
164,57,88,400,Color Cluster Visualizer.ipynb,https://github.com/atudell/Color-Cluster-Kit,SUCCESS_WITH_ERRORS,ModuleNotFoundError,DEPENDENCY_ERROR,No module named 'sklearn',0,2,sklearn,missing_package,usable,,evaluation,2026-02-16 07:33:07
167,57,88,403,Data Collector.ipynb,https://github.com/atudell/Color-Cluster-Kit,SUCCESS_WITH_ERRORS,ModuleNotFoundError,DEPENDENCY_ERROR,No module named 'sklearn',0,3,sklearn,missing_package,usable,,evaluation,2026-02-16 07:33:12
169,57,88,405,Data Collector (Sandblossom).ipynb,https://github.com/atudell/Color-Cluster-Kit,SUCCESS_WITH_ERRORS,ModuleNotFoundError,DEPENDENCY_ERROR,No module named 'sklearn',0,3,sklearn,missing_package,usable,,evaluation,2026-02-16 07:33:15
172,62,98,426,notebooks/idpgan_experiments.ipynb,https://github.com/feiglab/idpgan,SUCCESS_WITH_ERRORS,ModuleNotFoundError,DEPENDENCY_ERROR,No module named 'idpgan',5,36,idpgan,missing_package,usable,,evaluation,2026-02-16 07:45:39
173,63,99,427,examples/notebooks/NaCl_walkthrough.ipynb,https://github.com/zincware/MDSuite,SUCCESS_WITH_ERRORS,ModuleNotFoundError,DEPENDENCY_ERROR,No module named 'zinchub',2,10,zinchub,missing_package,usable,,evaluation,2026-02-16 07:48:54
174,63,99,428,examples/notebooks/Molten_Salt_Comparison.ipynb,https://github.com/zincware/MDSuite,SUCCESS_WITH_ERRORS,ImportError,DEPENDENCY_ERROR,cannot import name 'cumtrapz' from 'scipy.integrate' (/tmp/.local/lib/python3.10/site-packages/scipy/integrate/__init__.py),1,15,scipy,wrong_version,usable,,dev,2026-02-16 07:48:55
175,63,99,429,examples/notebooks/Mapping_Molecules.ipynb,https://github.com/zincware/MDSuite,SUCCESS_WITH_ERRORS,ImportError,DEPENDENCY_ERROR,cannot import name 'cumtrapz' from 'scipy.integrate' (/tmp/.local/lib/python3.10/site-packages/scipy/integrate/__init__.py),2,30,scipy,wrong_version,usable,,evaluation,2026-02-16 07:48:57
188,69,113,443,scripts/FCN22/figure2.ipynb,https://github.com/VisualNeuroscience-UH/SystemTools,SUCCESS_WITH_ERRORS,ImportError,DEPENDENCY_ERROR,cannot import name 'VisibleDeprecationWarning' from 'numpy' (/tmp/.local/lib/python3.10/site-packages/numpy/__init__.py),1,11,numpy,wrong_version,usable,,dev,2026-02-16 07:59:50
189,69,113,444,scripts/FCN22/figure6AD.ipynb,https://github.com/VisualNeuroscience-UH/SystemTools,SUCCESS_WITH_ERRORS,ImportError,DEPENDENCY_ERROR,cannot import name 'VisibleDeprecationWarning' from 'numpy' (/tmp/.local/lib/python3.10/site-packages/numpy/__init__.py),1,11,numpy,wrong_version,usable,,evaluation,2026-02-16 07:59:52
190,69,113,445,scripts/FCN22/figure4.ipynb,https://github.com/VisualNeuroscience-UH/SystemTools,SUCCESS_WITH_ERRORS,ImportError,DEPENDENCY_ERROR,cannot import name 'VisibleDeprecationWarning' from 'numpy' (/tmp/.local/lib/python3.10/site-packages/numpy/__init__.py),1,5,numpy,wrong_version,usable,,evaluation,2026-02-16 07:59:53
191,69,113,446,scripts/FCN22/figure3AC.ipynb,https://github.com/VisualNeuroscience-UH/SystemTools,SUCCESS_WITH_ERRORS,ImportError,DEPENDENCY_ERROR,cannot import name 'VisibleDeprecationWarning' from 'numpy' (/tmp/.local/lib/python3.10/site-packages/numpy/__init__.py),1,11,numpy,wrong_version,usable,,evaluation,2026-02-16 07:59:55
192,69,113,447,scripts/FCN22/figure8.ipynb,https://github.com/VisualNeuroscience-UH/SystemTools,SUCCESS_WITH_ERRORS,ImportError,DEPENDENCY_ERROR,cannot import name 'VisibleDeprecationWarning' from 'numpy' (/tmp/.local/lib/python3.10/site-packages/numpy/__init__.py),1,32,numpy,wrong_version,usable,,evaluation,2026-02-16 07:59:57
193,69,113,448,scripts/FCN22/figure1B.ipynb,https://github.com/VisualNeuroscience-UH/SystemTools,SUCCESS_WITH_ERRORS,ImportError,DEPENDENCY_ERROR,cannot import name 'VisibleDeprecationWarning' from 'numpy' (/tmp/.local/lib/python3.10/site-packages/numpy/__init__.py),1,6,numpy,wrong_version,usable,,evaluation,2026-02-16 07:59:58
194,69,113,449,scripts/FCN22/figure7A.ipynb,https://github.com/VisualNeuroscience-UH/SystemTools,SUCCESS_WITH_ERRORS,ImportError,DEPENDENCY_ERROR,cannot import name 'VisibleDeprecationWarning' from 'numpy' (/tmp/.local/lib/python3.10/site-packages/numpy/__init__.py),1,5,numpy,wrong_version,usable,,evaluation,2026-02-16 08:00:00
195,69,113,450,scripts/FCN22/figure3B.ipynb,https://github.com/VisualNeuroscience-UH/SystemTools,SUCCESS_WITH_ERRORS,ImportError,DEPENDENCY_ERROR,cannot import name 'VisibleDeprecationWarning' from 'numpy' (/tmp/.local/lib/python3.10/site-packages/numpy/__init__.py),1,9,numpy,wrong_version,usable,,evaluation,2026-02-16 08:00:02
196,69,113,451,scripts/FCN22/figure1CDE.ipynb,https://github.com/VisualNeuroscience-UH/SystemTools,SUCCESS_WITH_ERRORS,ImportError,DEPENDENCY_ERROR,cannot import name 'VisibleDeprecationWarning' from 'numpy' (/tmp/.local/lib/python3.10/site-packages/numpy/__init__.py),1,13,numpy,wrong_version,usable,,evaluation,2026-02-16 08:00:03
197,69,113,452,scripts/FCN22/figure5.ipynb,https://github.com/VisualNeuroscience-UH/SystemTools,SUCCESS_WITH_ERRORS,ImportError,DEPENDENCY_ERROR,cannot import name 'VisibleDeprecationWarning' from 'numpy' (/tmp/.local/lib/python3.10/site-packages/numpy/__init__.py),1,7,numpy,wrong_version,usable,,evaluation,2026-02-16 08:00:05
198,70,114,453,cxsystem2/neurodynlib/tutorial/01_basic_use.ipynb,https://github.com/VisualNeuroscience-UH/CxSystem2,SUCCESS_WITH_ERRORS,ImportError,DEPENDENCY_ERROR,cannot import name 'VisibleDeprecationWarning' from 'numpy' (/tmp/.local/lib/python3.10/site-packages/numpy/__init__.py),0,16,numpy,wrong_version,usable,,evaluation,2026-02-16 08:04:29
199,70,114,454,cxsystem2/neurodynlib/tutorial/02_export_import.ipynb,https://github.com/VisualNeuroscience-UH/CxSystem2,SUCCESS_WITH_ERRORS,ImportError,DEPENDENCY_ERROR,cannot import name 'VisibleDeprecationWarning' from 'numpy' (/tmp/.local/lib/python3.10/site-packages/numpy/__init__.py),0,18,numpy,wrong_version,usable,,evaluation,2026-02-16 08:04:31
200,70,114,455,cxsystem2/neurodynlib/tutorial/04_networks.ipynb,https://github.com/VisualNeuroscience-UH/CxSystem2,SUCCESS_WITH_ERRORS,ImportError,DEPENDENCY_ERROR,cannot import name 'VisibleDeprecationWarning' from 'numpy' (/tmp/.local/lib/python3.10/site-packages/numpy/__init__.py),0,16,numpy,wrong_version,usable,,evaluation,2026-02-16 08:04:33
201,70,114,456,cxsystem2/neurodynlib/tutorial/03_synaptic_currents.ipynb,https://github.com/VisualNeuroscience-UH/CxSystem2,SUCCESS_WITH_ERRORS,ImportError,DEPENDENCY_ERROR,cannot import name 'VisibleDeprecationWarning' from 'numpy' (/tmp/.local/lib/python3.10/site-packages/numpy/__init__.py),0,9,numpy,wrong_version,usable,,evaluation,2026-02-16 08:04:35
203,72,116,460,first_notebook.ipynb,https://github.com/isb-cgc/SL-Cloud-F1000,SUCCESS_WITH_ERRORS,ModuleNotFoundError,DEPENDENCY_ERROR,No module named 'pkg_resources',2,4,pkg_resources,missing_package,usable,,evaluation,2026-02-16 09:46:13
204,72,116,461,Example_workflows/DAISY_example.ipynb,https://github.com/isb-cgc/SL-Cloud-F1000,SUCCESS_WITH_ERRORS,ModuleNotFoundError,DEPENDENCY_ERROR,No module named 'pkg_resources',4,14,pkg_resources,missing_package,usable,,evaluation,2026-02-16 09:46:14
205,72,116,462,Example_workflows/MDSLP_tumor_type_comparison.ipynb,https://github.com/isb-cgc/SL-Cloud-F1000,SUCCESS_WITH_ERRORS,ModuleNotFoundError,DEPENDENCY_ERROR,No module named 'pkg_resources',1,7,pkg_resources,missing_package,usable,,evaluation,2026-02-16 09:46:16
206,72,116,463,Example_workflows/MDSLP_example.ipynb,https://github.com/isb-cgc/SL-Cloud-F1000,SUCCESS_WITH_ERRORS,ModuleNotFoundError,DEPENDENCY_ERROR,No module named 'pkg_resources',1,8,pkg_resources,missing_package,usable,,evaluation,2026-02-16 09:46:17
207,72,116,464,Example_workflows/CGI_example.ipynb,https://github.com/isb-cgc/SL-Cloud-F1000,SUCCESS_WITH_ERRORS,ModuleNotFoundError,DEPENDENCY_ERROR,No module named 'pkg_resources',5,6,pkg_resources,missing_package,usable,,evaluation,2026-02-16 09:46:19
208,72,116,465,Dataset_processing/CGI_dataset/setup_conserved_genetic_interaction_SL.ipynb,https://github.com/isb-cgc/SL-Cloud-F1000,SUCCESS_WITH_ERRORS,ModuleNotFoundError,DEPENDENCY_ERROR,No module named 'pkg_resources',24,11,pkg_resources,missing_package,usable,,evaluation,2026-02-16 09:46:20
209,72,116,466,Dataset_processing/DEPMAP_data/CRISPR_save_data.ipynb,https://github.com/isb-cgc/SL-Cloud-F1000,SUCCESS_WITH_ERRORS,ModuleNotFoundError,DEPENDENCY_ERROR,No module named 'pkg_resources',4,13,pkg_resources,missing_package,usable,,evaluation,2026-02-16 09:46:22
210,72,116,467,Dataset_processing/DEPMAP_data/shRNA_save_data.ipynb,https://github.com/isb-cgc/SL-Cloud-F1000,SUCCESS_WITH_ERRORS,ModuleNotFoundError,DEPENDENCY_ERROR,No module named 'pkg_resources',4,8,pkg_resources,missing_package,usable,,evaluation,2026-02-16 09:46:23
211,73,117,469,tutorials/nb5.ipynb,https://github.com/atgu/hgdp_tgp,SUCCESS_WITH_ERRORS,ModuleNotFoundError,DEPENDENCY_ERROR,No module named 'gnomad',4,30,gnomad,missing_package,usable,,evaluation,2026-02-16 09:50:50
212,73,117,470,tutorials/nb4.ipynb,https://github.com/atgu/hgdp_tgp,SUCCESS_WITH_ERRORS,ModuleNotFoundError,DEPENDENCY_ERROR,No module named 'gnomad',3,11,gnomad,missing_package,usable,,evaluation,2026-02-16 09:50:52
213,73,117,471,tutorials/nb1.ipynb,https://github.com/atgu/hgdp_tgp,SUCCESS_WITH_ERRORS,ModuleNotFoundError,DEPENDENCY_ERROR,No module named 'gnomad',4,27,gnomad,missing_package,usable,,evaluation,2026-02-16 09:50:56
214,73,117,472,tutorials/nb3.ipynb,https://github.com/atgu/hgdp_tgp,SUCCESS_WITH_ERRORS,ModuleNotFoundError,DEPENDENCY_ERROR,No module named 'gnomad',3,16,gnomad,missing_package,usable,,evaluation,2026-02-16 09:50:58
215,73,117,473,tutorials/nb2.ipynb,https://github.com/atgu/hgdp_tgp,SUCCESS_WITH_ERRORS,ModuleNotFoundError,DEPENDENCY_ERROR,No module named 'gnomad',4,25,gnomad,missing_package,usable,,evaluation,2026-02-16 09:51:02
227,76,127,485,drkg_with_dgl/loading_drkg_in_dgl.ipynb,https://github.com/gnn4dr/DRKG,SUCCESS_WITH_ERRORS,ModuleNotFoundError,DEPENDENCY_ERROR,No module named 'torchdata.datapipes',1,7,torchdata,missing_package,usable,,evaluation,2026-02-16 10:14:59
228,76,127,486,raw_graph_analysis/Jaccard_scores_among_all_edge_types_in_DRKG.ipynb,https://github.com/gnn4dr/DRKG,SUCCESS_WITH_ERRORS,ModuleNotFoundError,DEPENDENCY_ERROR,No module named 'torchdata.datapipes',1,3,torchdata,missing_package,usable,,evaluation,2026-02-16 10:15:01
244,79,134,519,DataLoaderUtil_example.ipynb,https://github.com/nahitorres/aerialwaste,SUCCESS_WITH_ERRORS,ImportError,DEPENDENCY_ERROR,cannot import name 'dataloader' from 'utils' (/tmp/.local/lib/python3.10/site-packages/utils/__init__.py),0,4,utils,mapping_unknown,excluded,ambiguous local/module-path import,excluded,2026-02-16 10:34:55
246,79,134,521,Visualizer-C.ipynb,https://github.com/nahitorres/aerialwaste,SUCCESS_WITH_ERRORS,ModuleNotFoundError,DEPENDENCY_ERROR,No module named 'odin.classes',0,3,odin,missing_package,usable,,evaluation,2026-02-16 10:34:58
248,79,134,523,Visualizer-IS.ipynb,https://github.com/nahitorres/aerialwaste,SUCCESS_WITH_ERRORS,ModuleNotFoundError,DEPENDENCY_ERROR,No module named 'odin.classes',0,3,odin,missing_package,usable,,evaluation,2026-02-16 10:35:01
249,80,135,524,execute_model.ipynb,https://github.com/nahitorres/aerialwaste-model,SUCCESS_WITH_ERRORS,ModuleNotFoundError,DEPENDENCY_ERROR,No module named 'utils.image_processor',2,3,utils,mapping_unknown,excluded,ambiguous local/module-path import,excluded,2026-02-16 10:35:26
250,81,136,525,example.ipynb,https://github.com/nahitorres/demo-inspection-tool,SUCCESS_WITH_ERRORS,ModuleNotFoundError,DEPENDENCY_ERROR,No module named 'simplekml',0,2,simplekml,missing_package,usable,,evaluation,2026-02-16 10:35:46
252,84,142,542,code/Caravan_part1_Earth_Engine.ipynb,https://github.com/kratzert/Caravan,SUCCESS_WITH_ERRORS,ModuleNotFoundError,DEPENDENCY_ERROR,No module named 'StringIO',4,10,StringIO,missing_package,usable,,evaluation,2026-02-16 10:38:53
253,87,159,604,scripts/registration_assesment_notebook.ipynb,https://github.com/guijacquemet/Fast4DReg,SUCCESS_WITH_ERRORS,ModuleNotFoundError,DEPENDENCY_ERROR,No module named 'skimage',0,4,skimage,missing_package,usable,,evaluation,2026-02-16 10:53:05
254,88,163,605,example.ipynb,https://github.com/ucph-rka/ScreenDB,SUCCESS_WITH_ERRORS,ModuleNotFoundError,DEPENDENCY_ERROR,No module named 'lxml',1,8,lxml,missing_package,usable,,evaluation,2026-02-16 10:53:48
255,89,165,606,notebooks/08-Navy-network_analysis.ipynb,https://github.com/zj-zhang/CHARM-AlternativeSplicing,SUCCESS_WITH_ERRORS,ModuleNotFoundError,DEPENDENCY_ERROR,No module named 'rpy2',2,20,rpy2,missing_package,usable,,evaluation,2026-02-16 10:58:11
256,89,165,607,notebooks/06-Fluidigm.ipynb,https://github.com/zj-zhang/CHARM-AlternativeSplicing,SUCCESS_WITH_ERRORS,ModuleNotFoundError,DEPENDENCY_ERROR,No module named 'sklearn',1,10,sklearn,missing_package,usable,,evaluation,2026-02-16 10:58:13
257,89,165,608,notebooks/06-Fluidigm.FZZgen.ipynb,https://github.com/zj-zhang/CHARM-AlternativeSplicing,SUCCESS_WITH_ERRORS,ModuleNotFoundError,DEPENDENCY_ERROR,No module named 'rpy2',1,13,rpy2,missing_package,usable,,evaluation,2026-02-16 10:58:15
258,89,165,609,notebooks/06-Fluidigm.V2.ipynb,https://github.com/zj-zhang/CHARM-AlternativeSplicing,SUCCESS_WITH_ERRORS,ModuleNotFoundError,DEPENDENCY_ERROR,No module named 'sklearn',1,9,sklearn,missing_package,usable,,evaluation,2026-02-16 10:58:16
259,89,165,610,notebooks/02-Navy_joint-A5SS.ipynb,https://github.com/zj-zhang/CHARM-AlternativeSplicing,SUCCESS_WITH_ERRORS,ModuleNotFoundError,DEPENDENCY_ERROR,No module named 'rpy2',2,37,rpy2,missing_package,usable,,evaluation,2026-02-16 10:58:19
260,89,165,611,notebooks/04-Navy_joint-RI.ipynb,https://github.com/zj-zhang/CHARM-AlternativeSplicing,SUCCESS_WITH_ERRORS,ModuleNotFoundError,DEPENDENCY_ERROR,No module named 'rpy2',2,36,rpy2,missing_package,usable,,evaluation,2026-02-16 10:58:21
261,89,165,612,notebooks/06-Fluidigm.stability.ipynb,https://github.com/zj-zhang/CHARM-AlternativeSplicing,SUCCESS_WITH_ERRORS,ModuleNotFoundError,DEPENDENCY_ERROR,No module named 'sklearn',2,20,sklearn,missing_package,usable,,evaluation,2026-02-16 10:58:23
262,89,165,613,notebooks/05-Navy_predictive-model.ipynb,https://github.com/zj-zhang/CHARM-AlternativeSplicing,SUCCESS_WITH_ERRORS,ModuleNotFoundError,DEPENDENCY_ERROR,No module named 'rpy2',2,50,rpy2,missing_package,usable,,evaluation,2026-02-16 10:58:25
263,89,165,614,notebooks/09-covid-clock.ipynb,https://github.com/zj-zhang/CHARM-AlternativeSplicing,SUCCESS_WITH_ERRORS,ModuleNotFoundError,DEPENDENCY_ERROR,No module named 'rpy2',2,10,rpy2,missing_package,usable,,evaluation,2026-02-16 10:58:27
264,89,165,615,notebooks/06-Fluidigm.FZZrep.ipynb,https://github.com/zj-zhang/CHARM-AlternativeSplicing,SUCCESS_WITH_ERRORS,ModuleNotFoundError,DEPENDENCY_ERROR,No module named 'rpy2',1,14,rpy2,missing_package,usable,,evaluation,2026-02-16 10:58:29
265,89,165,616,notebooks/03-Navy_joint-A3SS.ipynb,https://github.com/zj-zhang/CHARM-AlternativeSplicing,SUCCESS_WITH_ERRORS,ModuleNotFoundError,DEPENDENCY_ERROR,No module named 'rpy2',2,38,rpy2,missing_package,usable,,evaluation,2026-02-16 10:58:31
266,89,165,617,notebooks/01-Navy_joint-SE.ipynb,https://github.com/zj-zhang/CHARM-AlternativeSplicing,SUCCESS_WITH_ERRORS,ModuleNotFoundError,DEPENDENCY_ERROR,No module named 'rpy2',2,35,rpy2,missing_package,usable,,evaluation,2026-02-16 10:58:33
267,89,165,618,notebooks/05-Navy_predictive-model.V2.ipynb,https://github.com/zj-zhang/CHARM-AlternativeSplicing,SUCCESS_WITH_ERRORS,ModuleNotFoundError,DEPENDENCY_ERROR,No module named 'h5py',5,33,h5py,missing_package,usable,,evaluation,2026-02-16 10:58:36
268,89,165,619,notebooks/00-Navy_data_compile_annotation_cleanup.versionized-V9.ipynb,https://github.com/zj-zhang/CHARM-AlternativeSplicing,SUCCESS_WITH_ERRORS,ModuleNotFoundError,DEPENDENCY_ERROR,No module named 'rpy2',2,21,rpy2,missing_package,usable,,evaluation,2026-02-16 10:58:38
269,89,165,620,notebooks/05-Navy_predictive-model-CrossReact.ipynb,https://github.com/zj-zhang/CHARM-AlternativeSplicing,SUCCESS_WITH_ERRORS,ModuleNotFoundError,DEPENDENCY_ERROR,No module named 'rpy2',2,12,rpy2,missing_package,usable,,evaluation,2026-02-16 10:58:40
270,89,165,621,notebooks/07-Navy_allEvent_gene.ipynb,https://github.com/zj-zhang/CHARM-AlternativeSplicing,SUCCESS_WITH_ERRORS,ModuleNotFoundError,DEPENDENCY_ERROR,No module named 'rpy2',2,29,rpy2,missing_package,usable,,evaluation,2026-02-16 10:58:41
271,89,165,622,notebooks/05-Navy_predictive-model-DEG.ipynb,https://github.com/zj-zhang/CHARM-AlternativeSplicing,SUCCESS_WITH_ERRORS,ModuleNotFoundError,DEPENDENCY_ERROR,No module named 'rpy2',3,18,rpy2,missing_package,usable,,evaluation,2026-02-16 10:58:43
272,89,165,623,notebooks/00-Navy_data_compile_annotation_cleanup.versionized.ipynb,https://github.com/zj-zhang/CHARM-AlternativeSplicing,SUCCESS_WITH_ERRORS,ModuleNotFoundError,DEPENDENCY_ERROR,No module named 'rpy2',2,20,rpy2,missing_package,usable,,evaluation,2026-02-16 10:58:45
273,90,167,624,notebooks/gerber_deltag_validation.ipynb,https://github.com/AstraZeneca/jazzy,SUCCESS_WITH_ERRORS,ImportError,DEPENDENCY_ERROR,libXrender.so.1: cannot open shared object file: No such file or directory,0,7,libXrender.so.1,system_library,excluded,"requires system library, outside pip-only scope",excluded,2026-02-16 11:00:24
274,90,167,625,notebooks/cdk2_analysis.ipynb,https://github.com/AstraZeneca/jazzy,SUCCESS_WITH_ERRORS,ImportError,DEPENDENCY_ERROR,libXrender.so.1: cannot open shared object file: No such file or directory,0,4,libXrender.so.1,system_library,excluded,"requires system library, outside pip-only scope",excluded,2026-02-16 11:00:26
275,90,167,626,notebooks/hsd11b1_analysis.ipynb,https://github.com/AstraZeneca/jazzy,SUCCESS_WITH_ERRORS,ImportError,DEPENDENCY_ERROR,libXrender.so.1: cannot open shared object file: No such file or directory,0,3,libXrender.so.1,system_library,excluded,"requires system library, outside pip-only scope",excluded,2026-02-16 11:00:28
276,90,167,627,notebooks/guthrie_deltag_validation.ipynb,https://github.com/AstraZeneca/jazzy,SUCCESS_WITH_ERRORS,ImportError,DEPENDENCY_ERROR,libXrender.so.1: cannot open shared object file: No such file or directory,0,3,libXrender.so.1,system_library,excluded,"requires system library, outside pip-only scope",excluded,2026-02-16 11:00:30
277,91,168,628,Deep Hybrid Learning.ipynb,https://github.com/AurelienCD/DeepHybridLearning_RadiotherapyQA_Depository_ManuscriptID_22-1397,SUCCESS_WITH_ERRORS,ImportError,DEPENDENCY_ERROR,cannot import name 'NormalDist' from 'statistics' (/tmp/.local/lib/python3.10/site-packages/statistics/__init__.py),1,33,statistics,mapping_unknown,excluded,ambiguous local/module-path import,excluded,2026-02-16 11:03:16
278,91,168,629,Machine Learning.ipynb,https://github.com/AurelienCD/DeepHybridLearning_RadiotherapyQA_Depository_ManuscriptID_22-1397,SUCCESS_WITH_ERRORS,ModuleNotFoundError,DEPENDENCY_ERROR,No module named 'google.colab',1,26,google,missing_package,usable,,evaluation,2026-02-16 11:03:18
279,92,169,630,Deep Hybrid Learning.ipynb,https://github.com/AurelienCD/DeepHybridLearning_RadiotherapyQA_Depository_ManuscriptID_Diagnostics,SUCCESS_WITH_ERRORS,ImportError,DEPENDENCY_ERROR,cannot import name 'NormalDist' from 'statistics' (/tmp/.local/lib/python3.10/site-packages/statistics/__init__.py),1,33,statistics,mapping_unknown,excluded,ambiguous local/module-path import,excluded,2026-02-16 11:05:59
280,92,169,631,Machine Learning.ipynb,https://github.com/AurelienCD/DeepHybridLearning_RadiotherapyQA_Depository_ManuscriptID_Diagnostics,SUCCESS_WITH_ERRORS,ModuleNotFoundError,DEPENDENCY_ERROR,No module named 'google.colab',1,26,google,missing_package,usable,,evaluation,2026-02-16 11:06:01
282,93,172,633,src/figure_examples.ipynb,https://github.com/tnowotny/bee_al_2021,SUCCESS_WITH_ERRORS,ModuleNotFoundError,DEPENDENCY_ERROR,No module named 'pygenn',0,3,pygenn,missing_package,usable,,evaluation,2026-02-16 11:07:07
285,96,176,703,models/MinGenProc_LM_allGenes.ipynb,https://github.com/zanert2/Thornburg_FrontMolBiosci_2019,SUCCESS_WITH_ERRORS,ModuleNotFoundError,DEPENDENCY_ERROR,No module named 'pyLM',1,45,pyLM,missing_package,usable,,evaluation,2026-02-16 11:17:11
286,96,176,704,models/MinGenProc_LM_allGenes_ATP.ipynb,https://github.com/zanert2/Thornburg_FrontMolBiosci_2019,SUCCESS_WITH_ERRORS,ModuleNotFoundError,DEPENDENCY_ERROR,No module named 'pyLM',1,45,pyLM,missing_package,usable,,evaluation,2026-02-16 11:17:15
288,98,179,706,Segmentation Evaluation Methods Breakdown.ipynb,https://github.com/lstrgar/seg-eval,SUCCESS_WITH_ERRORS,ModuleNotFoundError,DEPENDENCY_ERROR,No module named 'skimage',2,18,skimage,missing_package,usable,,evaluation,2026-02-16 12:08:04
289,100,194,712,examples/nwm.ipynb,https://github.com/fsspec/kerchunk,SUCCESS_WITH_ERRORS,ImportError,DEPENDENCY_ERROR,Install s3fs to access S3,1,9,s3fs,missing_package,usable,,evaluation,2026-02-16 12:29:38
291,100,194,714,examples/ike_simple.ipynb,https://github.com/fsspec/kerchunk,SUCCESS_WITH_ERRORS,ImportError,DEPENDENCY_ERROR,Install s3fs to access S3,2,5,s3fs,missing_package,usable,,evaluation,2026-02-16 12:29:46
292,100,194,715,examples/SDO.ipynb,https://github.com/fsspec/kerchunk,SUCCESS_WITH_ERRORS,ImportError,DEPENDENCY_ERROR,Please install gcsfs to access Google Storage,3,11,gcsfs,missing_package,usable,,evaluation,2026-02-16 12:29:48
294,100,194,717,examples/ike_intake.ipynb,https://github.com/fsspec/kerchunk,SUCCESS_WITH_ERRORS,ImportError,DEPENDENCY_ERROR,Install s3fs to access S3,5,11,s3fs,missing_package,usable,,evaluation,2026-02-16 12:29:52
301,115,1684,7189,notebooks/Pathway Anticorrelation Analysis.ipynb,https://github.com/indralab/pybiopax,SUCCESS_WITH_ERRORS,ModuleNotFoundError,DEPENDENCY_ERROR,No module named 'sklearn',2,32,sklearn,missing_package,usable,,evaluation,2026-02-18 13:44:28
306,117,646,2866,code/evaluate_enrichments/1_prepare_folders_for_GO_analyses.ipynb,https://github.com/ammarcsj/ecoli_survival_scoring,SUCCESS_WITH_ERRORS,ImportError,DEPENDENCY_ERROR,Missing optional dependency 'openpyxl'.  Use pip or conda to install openpyxl.,2,1,openpyxl,missing_package,usable,,evaluation,2026-02-18 13:51:42
307,117,646,2867,code/evaluate_enrichments/2_write_summary_table_of_KS_GO_results.ipynb,https://github.com/ammarcsj/ecoli_survival_scoring,SUCCESS_WITH_ERRORS,ModuleNotFoundError,DEPENDENCY_ERROR,No module named 'openpyxl',3,1,openpyxl,missing_package,usable,,evaluation,2026-02-18 13:51:43
308,117,646,2868,code/calculate_survival_scores/02_write_carls_table.ipynb,https://github.com/ammarcsj/ecoli_survival_scoring,SUCCESS_WITH_ERRORS,ModuleNotFoundError,DEPENDENCY_ERROR,No module named 'openpyxl',6,1,openpyxl,missing_package,usable,,evaluation,2026-02-18 13:51:48
310,118,761,3264,BRANEnet.ipynb,https://github.com/Surabhivj/BRANEnet,SUCCESS_WITH_ERRORS,ModuleNotFoundError,DEPENDENCY_ERROR,No module named 'pandas',3,2,pandas,missing_package,usable,,evaluation,2026-02-18 13:53:27
311,119,886,3616,Audit4 - Humantic - Other personality scores.ipynb,https://github.com/DataResponsibly/hiring-stability-audit,SUCCESS_WITH_ERRORS,ModuleNotFoundError,DEPENDENCY_ERROR,No module named 'statsmodels',0,20,statsmodels,missing_package,usable,,evaluation,2026-02-18 14:13:35
312,119,886,3617,Audit3 - Humantic - Big 5.ipynb,https://github.com/DataResponsibly/hiring-stability-audit,SUCCESS_WITH_ERRORS,ModuleNotFoundError,DEPENDENCY_ERROR,No module named 'statsmodels',0,20,statsmodels,missing_package,usable,,evaluation,2026-02-18 14:13:36
313,119,886,3618,Audit2 - Humantic - DiSC scores.ipynb,https://github.com/DataResponsibly/hiring-stability-audit,SUCCESS_WITH_ERRORS,ModuleNotFoundError,DEPENDENCY_ERROR,No module named 'statsmodels',0,20,statsmodels,missing_package,usable,,evaluation,2026-02-18 14:13:37
314,119,886,3619,Audit1 - Crystal - DiSC scores.ipynb,https://github.com/DataResponsibly/hiring-stability-audit,SUCCESS_WITH_ERRORS,ModuleNotFoundError,DEPENDENCY_ERROR,No module named 'statsmodels',0,20,statsmodels,missing_package,usable,,evaluation,2026-02-18 14:13:38
321,121,4337,23154,docs/tutorials/autocorr.ipynb,https://github.com/dfm/emcee,SUCCESS_WITH_ERRORS,ImportError,DEPENDENCY_ERROR,'autograd' must be installed to compute gradients,21,1,autograd,missing_package,usable,,evaluation,2026-02-18 15:11:29
325,126,5075,26506,doc/notebooks/cython.ipynb,https://github.com/iminuit/iminuit,SUCCESS_WITH_ERRORS,ModuleNotFoundError,DEPENDENCY_ERROR,No module named 'Cython',1,3,Cython,missing_package,usable,,evaluation,2026-02-18 15:58:23
367,120,5005,26303,Compound.ipynb,https://github.com/IDR/idr-notebooks,SUCCESS_WITH_ERRORS,ModuleNotFoundError,DEPENDENCY_ERROR,No module named 'skimage',4,5,skimage,missing_package,usable,,evaluation,2026-02-18 18:25:30
368,120,5005,26304,GenesToPhenotypes.ipynb,https://github.com/IDR/idr-notebooks,SUCCESS_WITH_ERRORS,ModuleNotFoundError,DEPENDENCY_ERROR,No module named 'skimage',3,11,skimage,missing_package,usable,,evaluation,2026-02-18 18:25:31
369,120,5005,26305,GeneNetwork.ipynb,https://github.com/IDR/idr-notebooks,SUCCESS_WITH_ERRORS,ModuleNotFoundError,DEPENDENCY_ERROR,No module named 'omero',3,9,omero,missing_package,usable,,evaluation,2026-02-18 18:25:33
370,120,5005,26306,CalculateSharpness.ipynb,https://github.com/IDR/idr-notebooks,SUCCESS_WITH_ERRORS,ModuleNotFoundError,DEPENDENCY_ERROR,No module named 'skimage',5,10,skimage,missing_package,usable,,evaluation,2026-02-18 18:25:34
373,120,5005,26309,Getting_Started.ipynb,https://github.com/IDR/idr-notebooks,SUCCESS_WITH_ERRORS,ModuleNotFoundError,DEPENDENCY_ERROR,No module named 'idr',3,6,idr,missing_package,usable,,evaluation,2026-02-18 18:25:39
375,120,5005,26311,PCAanalysisOfCharmFeatures.ipynb,https://github.com/IDR/idr-notebooks,SUCCESS_WITH_ERRORS,ModuleNotFoundError,DEPENDENCY_ERROR,No module named 'omero',4,10,omero,missing_package,usable,,evaluation,2026-02-18 18:25:44
376,120,5005,26312,QueryIDRWithGeneLists.ipynb,https://github.com/IDR/idr-notebooks,SUCCESS_WITH_ERRORS,ModuleNotFoundError,DEPENDENCY_ERROR,No module named 'idr',2,8,idr,missing_package,usable,,evaluation,2026-02-18 18:25:45
377,120,5005,26313,Figure_1_Sampling_of_Phenotypes.ipynb,https://github.com/IDR/idr-notebooks,SUCCESS_WITH_ERRORS,ModuleNotFoundError,DEPENDENCY_ERROR,No module named 'omero',3,7,omero,missing_package,usable,,evaluation,2026-02-18 18:25:47
378,120,5005,26314,SysgroOverview.ipynb,https://github.com/IDR/idr-notebooks,SUCCESS_WITH_ERRORS,ModuleNotFoundError,DEPENDENCY_ERROR,No module named 'omero',3,10,omero,missing_package,usable,,evaluation,2026-02-18 18:25:48
379,120,5005,26315,RohnPhenotypeClustering.ipynb,https://github.com/IDR/idr-notebooks,SUCCESS_WITH_ERRORS,ModuleNotFoundError,DEPENDENCY_ERROR,No module named 'omero',5,8,omero,missing_package,usable,,evaluation,2026-02-18 18:25:50
380,120,5005,26316,SysgroRoiLength.ipynb,https://github.com/IDR/idr-notebooks,SUCCESS_WITH_ERRORS,ModuleNotFoundError,DEPENDENCY_ERROR,No module named 'idr',3,7,idr,missing_package,usable,,evaluation,2026-02-18 18:25:51
381,60,91,410,doc/example/store.ipynb,https://github.com/ICB-DCM/pyPESTO,SUCCESS_WITH_ERRORS,ImportError,DEPENDENCY_ERROR,libexpat.so.1: cannot open shared object file: No such file or directory,3,23,libexpat.so.1,system_library,excluded,"requires system library, outside pip-only scope",excluded,2026-02-18 21:05:04
382,60,91,411,doc/example/conversion_reaction.ipynb,https://github.com/ICB-DCM/pyPESTO,SUCCESS_WITH_ERRORS,ModuleNotFoundError,DEPENDENCY_ERROR,No module named 'amici',2,13,amici,missing_package,usable,,evaluation,2026-02-18 21:05:05
383,60,91,412,doc/example/synthetic_data.ipynb,https://github.com/ICB-DCM/pyPESTO,SUCCESS_WITH_ERRORS,ImportError,DEPENDENCY_ERROR,libexpat.so.1: cannot open shared object file: No such file or directory,3,8,libexpat.so.1,system_library,excluded,"requires system library, outside pip-only scope",excluded,2026-02-18 21:05:07
384,45,72,254,other_files/Colab/CellOrcle_installation_in_Google_colab.ipynb,https://github.com/morris-lab/CellOracle,SUCCESS_WITH_ERRORS,ModuleNotFoundError,DEPENDENCY_ERROR,No module named 'rpy2',3,3,rpy2,missing_package,usable,,evaluation,2026-02-18 21:21:13
385,45,72,255,docs/old/210531_Gata1_KO_simulation_with_Paul_etal_2015_data.ipynb,https://github.com/morris-lab/CellOracle,SUCCESS_WITH_ERRORS,ModuleNotFoundError,DEPENDENCY_ERROR,No module named 'celloracle',3,17,celloracle,missing_package,usable,,evaluation,2026-02-18 21:21:15
386,45,72,256,docs/notebooks/02_motif_scan/02_atac_peaks_to_TFinfo_with_celloracle_20200801.ipynb,https://github.com/morris-lab/CellOracle,SUCCESS_WITH_ERRORS,ModuleNotFoundError,DEPENDENCY_ERROR,No module named 'celloracle',3,12,celloracle,missing_package,usable,,evaluation,2026-02-18 21:21:17
387,45,72,257,docs/notebooks/02_motif_scan/motif_data_preparation/02_How_to_load_CisBPv2_motif_data.ipynb,https://github.com/morris-lab/CellOracle,SUCCESS_WITH_ERRORS,ModuleNotFoundError,DEPENDENCY_ERROR,No module named 'celloracle',2,2,celloracle,missing_package,usable,,evaluation,2026-02-18 21:21:18
388,45,72,258,docs/notebooks/02_motif_scan/motif_data_preparation/01_How_to_load_gimmemotifs_motif_data.ipynb,https://github.com/morris-lab/CellOracle,SUCCESS_WITH_ERRORS,ModuleNotFoundError,DEPENDENCY_ERROR,No module named 'gimmemotifs',2,5,gimmemotifs,missing_package,usable,,evaluation,2026-02-18 21:21:20
389,45,72,259,docs/notebooks/02_motif_scan/motif_data_preparation/05_How_to_prepare_CisBP_custom_motif_Arabidopsis.ipynb,https://github.com/morris-lab/CellOracle,SUCCESS_WITH_ERRORS,ModuleNotFoundError,DEPENDENCY_ERROR,No module named 'gimmemotifs',1,8,gimmemotifs,missing_package,usable,,evaluation,2026-02-18 21:21:21
391,45,72,261,docs/notebooks/02_motif_scan/motif_data_preparation/04_How_to_prepare_CisBP_custom_motif.ipynb,https://github.com/morris-lab/CellOracle,SUCCESS_WITH_ERRORS,ModuleNotFoundError,DEPENDENCY_ERROR,No module named 'gimmemotifs',1,5,gimmemotifs,missing_package,usable,,evaluation,2026-02-18 21:21:24
392,45,72,262,docs/notebooks/Trouble_shooting/R_installation_error.ipynb,https://github.com/morris-lab/CellOracle,SUCCESS_WITH_ERRORS,ModuleNotFoundError,DEPENDENCY_ERROR,No module named 'celloracle',0,4,celloracle,missing_package,usable,,evaluation,2026-02-18 21:21:26
393,45,72,263,docs/notebooks/04_Network_analysis/Network_analysis_with_Paul_etal_2015_data.ipynb,https://github.com/morris-lab/CellOracle,SUCCESS_WITH_ERRORS,ModuleNotFoundError,DEPENDENCY_ERROR,No module named 'celloracle',3,44,celloracle,missing_package,usable,,evaluation,2026-02-18 21:21:27
394,45,72,264,docs/notebooks/04_Network_analysis/Network_analysis_with_Seurat_data.ipynb,https://github.com/morris-lab/CellOracle,SUCCESS_WITH_ERRORS,ModuleNotFoundError,DEPENDENCY_ERROR,No module named 'celloracle',2,48,celloracle,missing_package,usable,,evaluation,2026-02-18 21:21:29
395,45,72,265,docs/notebooks/05_simulation/Pseudotime_calculation_with_Paul_etal_2015_data.ipynb,https://github.com/morris-lab/CellOracle,SUCCESS_WITH_ERRORS,ModuleNotFoundError,DEPENDENCY_ERROR,No module named 'celloracle',4,12,celloracle,missing_package,usable,,evaluation,2026-02-18 21:21:30
396,45,72,266,docs/notebooks/05_simulation/Gata1_KO_simulation_with_Paul_etal_2015_data.ipynb,https://github.com/morris-lab/CellOracle,SUCCESS_WITH_ERRORS,ModuleNotFoundError,DEPENDENCY_ERROR,No module named 'celloracle',4,29,celloracle,missing_package,usable,,evaluation,2026-02-18 21:21:32
397,45,72,267,docs/notebooks/05_simulation/misc/Analyze_transition_probability_with_Paul_etal_2015_data.ipynb,https://github.com/morris-lab/CellOracle,SUCCESS_WITH_ERRORS,ModuleNotFoundError,DEPENDENCY_ERROR,No module named 'celloracle',2,16,celloracle,missing_package,usable,,evaluation,2026-02-18 21:21:33
398,45,72,268,docs/notebooks/05_simulation/misc/Check_distribution_of_simulation_value.ipynb,https://github.com/morris-lab/CellOracle,SUCCESS_WITH_ERRORS,ModuleNotFoundError,DEPENDENCY_ERROR,No module named 'celloracle',4,4,celloracle,missing_package,usable,,evaluation,2026-02-18 21:21:35
399,45,72,269,docs/notebooks/05_simulation/misc/scale_up_simulation/01_Systematic_KO_simulations_Calculate_and_save_results.ipynb,https://github.com/morris-lab/CellOracle,SUCCESS_WITH_ERRORS,ModuleNotFoundError,DEPENDENCY_ERROR,No module named 'celloracle',4,15,celloracle,missing_package,usable,,evaluation,2026-02-18 21:21:36
400,45,72,270,docs/notebooks/05_simulation/misc/scale_up_simulation/02_Systematic_KO_simulations_IP_score_analysis.ipynb,https://github.com/morris-lab/CellOracle,SUCCESS_WITH_ERRORS,ModuleNotFoundError,DEPENDENCY_ERROR,No module named 'celloracle',3,11,celloracle,missing_package,usable,,evaluation,2026-02-18 21:21:38
406,138,3015,17678,doc/PatchClassifier.ipynb,https://github.com/ChristianMarzahl/Exact,SUCCESS_WITH_ERRORS,ModuleNotFoundError,DEPENDENCY_ERROR,Couldn't locate OpenSlide shared library. Try `pip install openslide-bin`. https://openslide.org/api/python/#installing,2,16,openslide-bin,missing_package,usable,,evaluation,2026-02-18 22:57:45
408,138,3015,17680,doc/ClusterAndSync.ipynb,https://github.com/ChristianMarzahl/Exact,SUCCESS_WITH_ERRORS,ImportError,DEPENDENCY_ERROR,libGL.so.1: cannot open shared object file: No such file or directory,2,19,libGL.so.1,system_library,excluded,"requires system library, outside pip-only scope",excluded,2026-02-18 22:57:49
412,138,3015,17684,doc/Create_DensityWSI-Equine.ipynb,https://github.com/ChristianMarzahl/Exact,SUCCESS_WITH_ERRORS,ModuleNotFoundError,DEPENDENCY_ERROR,Couldn't locate OpenSlide shared library. Try `pip install openslide-bin`. https://openslide.org/api/python/#installing,2,6,openslide-bin,missing_package,usable,,evaluation,2026-02-18 22:57:55
413,138,3015,17685,doc/AnnotationMap.ipynb,https://github.com/ChristianMarzahl/Exact,SUCCESS_WITH_ERRORS,ModuleNotFoundError,DEPENDENCY_ERROR,Couldn't locate OpenSlide shared library. Try `pip install openslide-bin`. https://openslide.org/api/python/#installing,3,7,openslide-bin,missing_package,usable,,evaluation,2026-02-18 22:57:57
414,138,3015,17686,doc/Segmentation.ipynb,https://github.com/ChristianMarzahl/Exact,SUCCESS_WITH_ERRORS,ModuleNotFoundError,DEPENDENCY_ERROR,Couldn't locate OpenSlide shared library. Try `pip install openslide-bin`. https://openslide.org/api/python/#installing,6,19,openslide-bin,missing_package,usable,,evaluation,2026-02-18 22:57:58
415,138,3015,17687,doc/WSI-Registration.ipynb,https://github.com/ChristianMarzahl/Exact,SUCCESS_WITH_ERRORS,ModuleNotFoundError,DEPENDENCY_ERROR,No module named 'qt_wsi_reg',4,16,qt_wsi_reg,missing_package,usable,,evaluation,2026-02-18 22:58:00
444,140,3078,17910,P1 Deconv-IBT/deconvIBT.ipynb,https://github.com/coskunlab/Ion-Beam-Tomography,SUCCESS_WITH_ERRORS,ModuleNotFoundError,DEPENDENCY_ERROR,No module named 'skimage',0,2,skimage,missing_package,usable,,evaluation,2026-02-18 23:15:21
445,140,3078,17911,P4 3DSpatialClustering-IBT/MainCodeEditedFiveGTCell11.ipynb,https://github.com/coskunlab/Ion-Beam-Tomography,SUCCESS_WITH_ERRORS,ModuleNotFoundError,DEPENDENCY_ERROR,No module named 'sklearn',2,41,sklearn,missing_package,usable,,evaluation,2026-02-18 23:15:34
